Projekt;Teilprojekt;Arbeitspaket
610-IOT1302-DUMMY;;
611-IOT1303-Pflege-eigener-Systeme;02-Projektaufschreibung;02-Datenmodellierung
611-IOT1303-Pflege-eigener-Systeme;02-Projektaufschreibung;02-Neue Funktion/Fehlerbehebung
611-IOT1303-Pflege-eigener-Systeme;02-Projektaufschreibung;03-App-Entwicklung
611-IOT1303-Pflege-eigener-Systeme;02-Projektaufschreibung;"04-	Deployment & Test"
611-IOT1303-Pflege-eigener-Systeme;02-Projektaufschreibung;"06-	Administratives & Abstimmung"
611-IOT1303-Pflege-eigener-Systeme;02-Projektaufschreibung;07-KnowHow-Transfer
611-IOT1303-Pflege-eigener-Systeme;02-Projektaufschreibung;
612-IOT1304-IT-Infrastruktur;01-Wartung und Verwaltung;03-Backup
612-IOT1304-IT-Infrastruktur;01-Wartung und Verwaltung;16-Rechner
612-IOT1304-IT-Infrastruktur;01-Wartung und Verwaltung;18-Infrastruktur
612-IOT1304-IT-Infrastruktur;02-Helpdesk;01-Störungen/Probleme
612-IOT1304-IT-Infrastruktur;02-Helpdesk;02-Service
612-IOT1304-IT-Infrastruktur;04-Beschaffung;02-Rechner
612-IOT1304-IT-Infrastruktur;04-Beschaffung;03-Infrastruktur
612-IOT1304-IT-Infrastruktur;04-Beschaffung;05-Sonstiges
612-IOT1304-IT-Infrastruktur;04-Beschaffung;
612-IOT1304-IT-Infrastruktur;06-SAP;01-Benutzerverwaltung
692-IOT1504-Produktentwicklung;17-Kontingentierung;01-Prozessaufnehmen/Konzeption
692-IOT1504-Produktentwicklung;60-FIORI generische Komponenten;"03-	Validierungs-Service"
692-IOT1504-Produktentwicklung;60-FIORI generische Komponenten;"06-	Barcodescanner"
692-IOT1504-Produktentwicklung;60-FIORI generische Komponenten;08-VH-Extension
692-IOT1504-Produktentwicklung;60-FIORI generische Komponenten;
692-IOT1504-Produktentwicklung;70-Projektunterstützung;01-Allgemein
692-IOT1504-Produktentwicklung;70-Projektunterstützung;18-Aktionssabwicklung und Preiskalkulation
692-IOT1504-Produktentwicklung;90-Support;01-Intern
717-IOT1603-Öffentlichkeitsarbeit;03-Marketing;02-Kalender
717-IOT1603-Öffentlichkeitsarbeit;03-Marketing;
722-MEZ1601-Wartung;01-Linux Gateway KIMM;01-Systemüberprüfung/Update Kontrolle
722-MEZ1601-Wartung;01-Linux Gateway KIMM;325-Ticket
722-MEZ1601-Wartung;01-Linux Gateway KIMM;326-Ticket
722-MEZ1601-Wartung;01-Linux Gateway KIMM;327-Ticket
722-MEZ1601-Wartung;01-Linux Gateway KIMM;328-Ticket
722-MEZ1601-Wartung;01-Linux Gateway KIMM;329-Ticket
722-MEZ1601-Wartung;01-Linux Gateway KIMM;330-Ticket
722-MEZ1601-Wartung;01-Linux Gateway KIMM;331-Ticket
722-MEZ1601-Wartung;01-Linux Gateway KIMM;332-Ticket
722-MEZ1601-Wartung;01-Linux Gateway KIMM;333-Ticket
722-MEZ1601-Wartung;01-Linux Gateway KIMM;334-Ticket
722-MEZ1601-Wartung;02-Wartung GUI;
727-MEZ1602-Einzelanforderungen;34-Thinclient Wareneingang;01-Durchführung
727-MEZ1602-Einzelanforderungen;37-Anpassung Pick-Listen Druck;01-Durchführung
727-MEZ1602-Einzelanforderungen;38-QR-Code Schweiz;01-Durchführung
727-MEZ1602-Einzelanforderungen;39-Anpassung John Lewis Label;01-Durchführung
727-MEZ1602-Einzelanforderungen;40-fehlende Verkaufsdaten bei Artikelübernahme;01-Durchführung
727-MEZ1602-Einzelanforderungen;41-Mengenabweichung Lager Ungarn;01-Durchführung
727-MEZ1602-Einzelanforderungen;41-Mengenabweichung Lager Ungarn;
727-MEZ1602-Einzelanforderungen;42-Ladeliste Galeria;01-Durchführung
727-MEZ1602-Einzelanforderungen;43-Sporadischer Fehlschlag bei JLP-Label Druck;01-Umsetzung
762-IOT1703-SAP-FIORI;00-Organisation;01-Koordination
762-IOT1703-SAP-FIORI;00-Organisation;02-Teamsitzung
781-BSS1801-FOR-Highbay-Renewal;08-EBE21-00997 Gasse 3 des HB2;
794-FRA1805-14425:-S/4HANA;10-IT Bereinigung;01-PM
794-FRA1805-14425:-S/4HANA;10-IT Bereinigung;02-Obsolete Objekte
794-FRA1805-14425:-S/4HANA;20-Archivierung;01-Abst. FB/IT
794-FRA1805-14425:-S/4HANA;20-Archivierung;02-Konz. / Archivierungsplan
794-FRA1805-14425:-S/4HANA;20-Archivierung;03-ILM
794-FRA1805-14425:-S/4HANA;20-Archivierung;
794-FRA1805-14425:-S/4HANA;26649 Einrichtung Businesspartner-Grundkonfig. und Abstimmung;01-Umsetzung
807-FRA1902-FR-Flilialpackplatz;20581-Cronopost Frankreich für Filialpacklatz;01-Umsetzung
807-FRA1902-FR-Flilialpackplatz;21963-La Poste für Filialpackplatz Frankreich;01-Umsetzung
807-FRA1902-FR-Flilialpackplatz;28785 Packplatz - Lettre Suivie (verfolgene Briefe);01-Umsetzung
807-FRA1902-FR-Flilialpackplatz;28789 Packplatz - Mazet Spedition;01-Umsetzung
807-FRA1902-FR-Flilialpackplatz;32451 - manueller Versand Übergangslösung;01-Umsetzung
810-FRA2001-ERP-AM;01-Koordination;01-PM
810-FRA2001-ERP-AM;01-Koordination;02-Abstimmung/Planung
810-FRA2001-ERP-AM;01-Koordination;03-Ticketstatus
810-FRA2001-ERP-AM;01-Koordination;04-Abstimmung FB
810-FRA2001-ERP-AM;01-Koordination;05-Abstimmung IT
810-FRA2001-ERP-AM;01-Koordination;06-Vorabstimmung zu Projekten
810-FRA2001-ERP-AM;02-Unterstützung FRA IT;01-KnowHow-Transfer
810-FRA2001-ERP-AM;02-Unterstützung FRA IT;02-Technische Störung
810-FRA2001-ERP-AM;02-Unterstützung FRA IT;03-Direktanfrage ohne Ticketbezug
810-FRA2001-ERP-AM;02-Unterstützung FRA IT;
810-FRA2001-ERP-AM;14558 Optimierung Sonderbestellcockpit;01-Umsetzung
810-FRA2001-ERP-AM;14654 Preissteuerung;01-Durchführung
810-FRA2001-ERP-AM;15297 Endlieferkennzeichen;01-Umsetzung
810-FRA2001-ERP-AM;18544 SAP Bezeichnungen der Betriebe kürzen und vereinheitlichen;01-Umsetzung
810-FRA2001-ERP-AM;19757 Kondiitonsvergleich EK/GH;01-Umsetzung
810-FRA2001-ERP-AM;19823 Falsche Anzeige in den SAP Transaktionen;01-Team Besprechung
810-FRA2001-ERP-AM;19823 Falsche Anzeige in den SAP Transaktionen;01-Umsetzung
810-FRA2001-ERP-AM;21247 Vermeidung I-Aufträge;01-Umsetzung
810-FRA2001-ERP-AM;21299 Fehleingaben bei Termin-Erfassung verrieglen;01-Umsetzung
810-FRA2001-ERP-AM;22441 Übersteuern der Ermittlung des Sperrig Kennzeichens;01-Umsetzung
810-FRA2001-ERP-AM;22830 Index Bestellentwicklung aktualisieren;01-Umsetzung
810-FRA2001-ERP-AM;22830 Index Bestellentwicklung aktualisieren;
810-FRA2001-ERP-AM;23347 Ablösung ZWEBTABEL;01-Umsetzung
810-FRA2001-ERP-AM;23521 SAP - ZMM_012 bitte den Betrieb 1163 zufügen;01-Umsetzung
810-FRA2001-ERP-AM;23795 P01 - Vorhandene WBK Daten im Kundenstamm löschen;01-Umsetzung
810-FRA2001-ERP-AM;24781 Errichtung eines neuen werksübergreifenden Materialstatus;01-Umsetzung
810-FRA2001-ERP-AM;25082 Texte Versandbestätigung;01-Umsetzung
810-FRA2001-ERP-AM;25145 Q Bestand bei Konsi-Artikeln in der md04 nicht sichtbar;01-Umsetzung
810-FRA2001-ERP-AM;25459 Verbuchung des Zahlungseingang von Amazon;01-Umsetzung
810-FRA2001-ERP-AM;25544 Verfügbarkeitsaussage im Shop 196199001;01-Umsetzung
810-FRA2001-ERP-AM;25947 Ausbau der Fiori App auf freie Artikel;01-Umsetzung
810-FRA2001-ERP-AM;26432 Kundeninformationsschreiben - Abhängigkeit zu V1 Steuerung;01-Umsetzung
810-FRA2001-ERP-AM;26808 Servicelevel (Umarex) in SAP abbilden;01-Umsetzung
810-FRA2001-ERP-AM;27109 P01 - Rücksendeschein Export;01-Umsetzung
810-FRA2001-ERP-AM;27109 P01 - Rücksendeschein Export;
810-FRA2001-ERP-AM;27170 Übermittlung Sperrig-KZ an KEP-DL;01-Umsetzung
810-FRA2001-ERP-AM;27241 Ablösung de MB* Transaktionen;01-Umsetzung
810-FRA2001-ERP-AM;27282 P01 - Anpassung der Versandkosten;01-Umsetzung
810-FRA2001-ERP-AM;27507 Änderung Zahlungsbedingung bei SEPA;01-Durchführung
810-FRA2001-ERP-AM;27656 Erstellung eines operativen dashboard customer service;01-Umsetzung
810-FRA2001-ERP-AM;27706 ZWM_077 Serialnummerstatus falsch;01-Umsetzung
810-FRA2001-ERP-AM;27765 Bereinigung Equipmentstammsätze;01-Umsetzung
810-FRA2001-ERP-AM;27801 Abfrage offene Bestellung des Lieferanten Api;01-Umsetzung
810-FRA2001-ERP-AM;27876 P01 - Suchmöglichkeiten erweitern um RatePay Verwendungszw;01-Umsetzung
810-FRA2001-ERP-AM;27883 P01 - Wertgrenzen für Freigabe auch bei Wertgutschriften;01-Umsetzung
810-FRA2001-ERP-AM;27887 SAP Stammdaten VTL und VWKZ nach Vertriebsweg;
810-FRA2001-ERP-AM;27954 Jobplanung Lieferläufe;01-Umsetzung
810-FRA2001-ERP-AM;27954 Jobplanung Lieferläufe;
810-FRA2001-ERP-AM;28084 Marktplätze: Änderung Drucker für Liefer- & Rücksendeschei;01-Umsetzung
810-FRA2001-ERP-AM;28108 P01 - Umsetzung manuelle Erstellung Retourenlabel;01-Umsetzung
810-FRA2001-ERP-AM;28108 P01 - Umsetzung manuelle Erstellung Retourenlabel;
810-FRA2001-ERP-AM;28148 Änderung aktiver Konditionssätze;01-Umsetzung
810-FRA2001-ERP-AM;28220 P01 - Anpassung der Logik zur automatischen Absage;01-Umsetzung
810-FRA2001-ERP-AM;28302 Amazon FBA;01-Umsetzung
810-FRA2001-ERP-AM;28333 Munitionsversand aus Filiale - Anpassungen Overnite;01-Umsetzung
810-FRA2001-ERP-AM;28361 Filialen automatisches Reservieren von KBs Fehler;01-Umsetzung
810-FRA2001-ERP-AM;28374 Marktplätze: Umstellung Bestandsupdates direkt aus SAP;01-Umsetzung
810-FRA2001-ERP-AM;28426 Änderung zfi_105 - Ergänzung der Datei;01-Umsetzung
810-FRA2001-ERP-AM;28450 Transitbestand;01-Umsetzung
810-FRA2001-ERP-AM;28455 Prüfung Lieferantenstamm über FORMAT SAM;01-Umsetzung
810-FRA2001-ERP-AM;28455 Prüfung Lieferantenstamm über FORMAT SAM;
810-FRA2001-ERP-AM;28483 Versandlabel mit akademischen Titel;01-Umsetzung
810-FRA2001-ERP-AM;28512 Konsignationsbestände negativ werden lassen;01-Umsetzung
810-FRA2001-ERP-AM;28528 Ändern von Rechnungen FR - Zahlungsmethode;01-Umsetzung
810-FRA2001-ERP-AM;28585 Signatur-App / Sign-Komponente;01-Umsetzung
810-FRA2001-ERP-AM;28593 Ratepay Rechnungskauf im Onlineshop CH;01-Umsetzung
810-FRA2001-ERP-AM;"28594 Erweitern Zahlart ""Ratepay Rechnung"" im Onlineshop AT";01-Umsetzung
810-FRA2001-ERP-AM;28597 BW - AFO - Rabatte als KPI / Anlage Wertfelder;01-Umsetzung
810-FRA2001-ERP-AM;28606 Zahlunsgseingangsverbuchung Amazon;01-Umsetzung
810-FRA2001-ERP-AM;28685 P01 - Anpassung der Anzeige der LF Termine Kundenaufträge;01-Umsetzung
810-FRA2001-ERP-AM;28797 Anpassung Layout Lieferschein ZLD1;01-Umsetzung
810-FRA2001-ERP-AM;28820 Entfall HU-Etikett zur WA-Buchung am Packplatz;01-Umsetzung
810-FRA2001-ERP-AM;28821 C&C fähige Artikel Kennzeichnung;01-Umsetzung
810-FRA2001-ERP-AM;28841-Einführung neuer Kommissionier-Wägen;01-Umsetzung
810-FRA2001-ERP-AM;28855 Evaluation: Equipmentstammsätze ohne Lagerortangabe führen;01-Umsetzung
810-FRA2001-ERP-AM;28875 Report zur Stornierung von TAs;01-Umsetzung
810-FRA2001-ERP-AM;28883 Sperrig Artikel bzw. Versand als Info auf Label;01-Umsetzung
810-FRA2001-ERP-AM;28904 Zahlungseingangsverbuchung Kreditkarten;01-Umsetzung
810-FRA2001-ERP-AM;28918 Änderung VWKZ;01-Umsetzung
810-FRA2001-ERP-AM;28937 Erweiterung MDE Anzeige Kommissionierung;01-Umsetzung
810-FRA2001-ERP-AM;28950 Änderungen und Erweiterung ZMM_061 Übersicht;01-Umsetzung
810-FRA2001-ERP-AM;28998  Fiori Berechtigung Personaldatenänderung analog SAP;01-Umsetzung
810-FRA2001-ERP-AM;29005 Überlaufplatz F76 anlegen;01-Umsetzung
810-FRA2001-ERP-AM;29045 P01 - Liefersperre 09 automatisch nach 14 Tagen;01-Umsetzung
810-FRA2001-ERP-AM;29064 P01 - Liefersperre lässt sich löschen ohne das EWB vorhand;01-Umsetzung
810-FRA2001-ERP-AM;29226 Schnittstellen zu den Lieferanten;01-Umsetzung
810-FRA2001-ERP-AM;29233 P01 - Katalogbestellung in der Puffertabelle ZSD_112;01-Umsetzung
810-FRA2001-ERP-AM;29317  Anpassung Lieferlistenbildung Frankreich Tabelle SM30;01-Umsetzung
810-FRA2001-ERP-AM;29362 Frachtaufträge Konsolidierung Munition;01-Umsetzung
810-FRA2001-ERP-AM;29418 Outsourcing Postausgang - Briefe;01-Umsetzung
810-FRA2001-ERP-AM;29449 Kunde mehrmals belastet und gutgeschrieben;01-Umsetzung
810-FRA2001-ERP-AM;29537 Atikelstamm Einbindung Gefahrgut;01-Umsetzung
810-FRA2001-ERP-AM;29625 Ratepayzahlungen ohne E Mail;
810-FRA2001-ERP-AM;29655 Fiori Launchpad - Ankauf freie Ware;01-Umsetzung
810-FRA2001-ERP-AM;29664 Amazon - Spartenhierarchie;01-Umsetzung
810-FRA2001-ERP-AM;29736 ebay.de: User Löschanfragen-Prozess in SAP implementieren;01-Umsetzung
810-FRA2001-ERP-AM;29743 Überarbeitung Musteretikett;01-Umsetzung
810-FRA2001-ERP-AM;29753 Anpassung Fiori Warenausgang Filiale;01-Umsetzung
810-FRA2001-ERP-AM;29808 P01 - Rücksendelabel für Sendungen nach Österreich;01-Umsetzung
810-FRA2001-ERP-AM;29847 P01 - Marktplätze Aufträge ohne Fehler landen als I-Doc;01-Umsetzung
810-FRA2001-ERP-AM;29885 P01 - Adressdaten werden nicht komplett an Rhenus;01-Umsetzung
810-FRA2001-ERP-AM;29953 Kundennummer bei vorhandener Lieferadresse zurückgeben;01-Umsetzung
810-FRA2001-ERP-AM;29980 Fiori - Offene EWBs werden nicht zugeordnet;01-Umsetzung
810-FRA2001-ERP-AM;29982 Überarbeitung Datenübertragung an Overnite;01-Umsetzung
810-FRA2001-ERP-AM;30003 Anpassen der Prüflogik des Sanktionsmonitors SAM3;01-Umsetzung
810-FRA2001-ERP-AM;30022 Untertätiger Neuterminierer mit Vorselektion;01-Umsetzung
810-FRA2001-ERP-AM;30030 Anzeige LF in der MD04;01-Umsetzung
810-FRA2001-ERP-AM;30031 P01 - Versand von Retourenlabel inkl. Rücksendeschein;01-Umsetzung
810-FRA2001-ERP-AM;30037 neue Spalte für zu Verpackung noch gesperrte Les;01-Durchführung
810-FRA2001-ERP-AM;30052 Fiori - Erweiterung App Click & Reserve um Datum;01-Umsetzung
810-FRA2001-ERP-AM;30053 Fiori - Bestand aus Zentrale nicht bestellbar über App;01-Umsetzung
810-FRA2001-ERP-AM;30054 Fiori -  Auftragsanzeige fehlerhaft;01-Umsetzung
810-FRA2001-ERP-AM;30087 Bestandsübertragung Shop;01-Durchführung
810-FRA2001-ERP-AM;30104 Fiori - Erw. Kundenbindungsprogramm;01-Umsetzung
810-FRA2001-ERP-AM;30104-Fiori-Erw. Kundenbindungsprogramm;01-Umsetzung
810-FRA2001-ERP-AM;30110 Aktionsabwicklung: Erweiterung Vertriebsweg 02;01-Umsetzung
810-FRA2001-ERP-AM;30114 Umstellung der Kommunikation TTE von SFTP;01-Umsetzung
810-FRA2001-ERP-AM;30114 Umstellung der Kommunikation TTE von SFTP zu RESTFull Api;01-Umsetzung
810-FRA2001-ERP-AM;30140 Fußzeiletextänderung für Rechnung und Retourenschein FR;01-Umsetzung
810-FRA2001-ERP-AM;30154 EKGRP Gebrauchtwaffen;01-Umsetzung
810-FRA2001-ERP-AM;30167 Coding unter Transaktion LT44;01-Umsetzung
810-FRA2001-ERP-AM;30172 Automatisches setzen des Internetkennzeichens ZZZ;01-Umsetzung
810-FRA2001-ERP-AM;30177 SAP leere Zuordnung und gesplitterte Beträge;01-Umsetzung
810-FRA2001-ERP-AM;30185 Dynpro Feld MVKE-PRAT6 im Artikelstamm ändern;01-Umsetzung
810-FRA2001-ERP-AM;30203 Fiori - Kundenanlage Geburtsdatum einschränken;01-Umsetzung
810-FRA2001-ERP-AM;30204 P01/Shop - Sendungsverfolung online nicht korrekt;01-Umsetzung
810-FRA2001-ERP-AM;30216 P01 - Anzeige im Cockpit und Suche nicht möglich;01-Umsetzung
810-FRA2001-ERP-AM;30216 P01 - Anzeige im Cockpit und Suche nicht möglich;
810-FRA2001-ERP-AM;30217 Avisdatensatz Overnite - Übertragung nicht als Ident;01-Umsetzung
810-FRA2001-ERP-AM;30228 P01 - Verzögerungsschreiben nicht bei Status Kreditlimitpr;01-Umsetzung
810-FRA2001-ERP-AM;30229 P01 - Verzögerungsschreiben wird durch LF Termin;01-Umsetzung
810-FRA2001-ERP-AM;30233 P01 - Versandbestätigung an Exportkunden bei Rhenus;01-Umsetzung
810-FRA2001-ERP-AM;30234 Fehler in der Avise Verarbeitung Otto-Marktplatz;01-Umsetzung
810-FRA2001-ERP-AM;30248 Gebrauchtwaffen-Ankäufe Fiori App;01-Umsetzung
810-FRA2001-ERP-AM;30281 Packtisch Wegeoptimiert LE abarbeiten;01-Umsetzung
810-FRA2001-ERP-AM;30284 Kommissionierregeln Optimierung;01-Umsetzung
810-FRA2001-ERP-AM;30305 ZWM_000 Filialanzeige;01-Umsetzung
810-FRA2001-ERP-AM;30306 ebay Avis Verbuchung;01-Umsetzung
810-FRA2001-ERP-AM;30309 Warenausgang am Filialausgang POP Fenster;01-Durchführung
810-FRA2001-ERP-AM;30322 Dump Umlagerung;01-Umsetzung
810-FRA2001-ERP-AM;30339 Ankaufsbuchungen 2211142 laufen ohne Gegenbuchung;01-Umsetzung
810-FRA2001-ERP-AM;30362 Fiori - Fehler Umlagerungsmails;01-Umsetzung
810-FRA2001-ERP-AM;30363 SAP-P01 - Umschreibung von A. Tester auf echte KD- Nr.;01-Umsetzung
810-FRA2001-ERP-AM;30365 Bürgel geht nicht;01-Umsetzung
810-FRA2001-ERP-AM;30368 Support IOT zur Inventur;01-Umsetzung
810-FRA2001-ERP-AM;30368 Support IOT zur Inventur;
810-FRA2001-ERP-AM;30373 Bereitstellung der Jagdschul(-daten) in zwebkunde;01-Umsetzung
810-FRA2001-ERP-AM;30385 Filiale Umsetzung AT;01-Umsetzung
810-FRA2001-ERP-AM;30387 Sichtbarkeit Marktplatzaufträge;01-Umsetzung
810-FRA2001-ERP-AM;30390 eBay.de: Liefergruppen-Bildung bei Aufträgen;01-Umsetzung
810-FRA2001-ERP-AM;30392 Zahlungseingangsverbuchung Zalando via Avis;01-Umsetzung
810-FRA2001-ERP-AM;30398 Fallbackprozess JJ-Rucksackversand;01-Umsetzung
810-FRA2001-ERP-AM;30403 Fiori fehler_ keine Kundendaten bei Banf;01-Umsetzung
810-FRA2001-ERP-AM;30411 Probleme bei der Auftragsanlage bzw. bei der Erfassung;01-Umsetzung
810-FRA2001-ERP-AM;30416 Fiori_Fehler abweichende Lieferadresse;01-Umsetzung
810-FRA2001-ERP-AM;30428 Auctronia: Umsatzsteuer-ID pflegen;01-Umsetzung
810-FRA2001-ERP-AM;30503 Sicherheitsbestand Großhandel;01-Umsetzung
810-FRA2001-ERP-AM;30512 Null-Nali KZ - Pflichtfeld;01-Umsetzung
810-FRA2001-ERP-AM;30513 WS Preise B2B;01-Umsetzung
810-FRA2001-ERP-AM;30520 Bestellung Elektronisch an Merkel senden;01-Umsetzung
810-FRA2001-ERP-AM;30530 Änderung der Steuernummer der Frankonia KG in Dok.;01-Umsetzung
810-FRA2001-ERP-AM;30540 Plätze über Tabelleneintrag löschen;01-Umsetzung
810-FRA2001-ERP-AM;30541 Jungjäger: Keine Anträge in Fiori;01-Umsetzung
810-FRA2001-ERP-AM;30571 SAP QM Einspielreport;01-Umsetzung
810-FRA2001-ERP-AM;30572 Verriegelung Erfassung WBK-Zahlkarten im Kundenstamm;01-Umsetzung
810-FRA2001-ERP-AM;30572 Verriegelung Erfassung WBK-Zahlkarten im Kundenstamm;
810-FRA2001-ERP-AM;30573 Paketbegleitschein - Warenempfänger;01-Umsetzung
810-FRA2001-ERP-AM;30579 DPD Avisierung 02.02.2022 nicht möglich;01-Umsetzung
810-FRA2001-ERP-AM;30583 P01 - Fiori Dokument löst Text in Auftrag aus;01-Umsetzung
810-FRA2001-ERP-AM;30585 P01 - Doppelte Gutschrift von Versandkosten;01-Umsetzung
810-FRA2001-ERP-AM;30594 POS-Faktura Preisermittlung für WS;01-Umsetzung
810-FRA2001-ERP-AM;30596 P01 - Falsche Rückzahlung PayPal bei Mengenänderung;
810-FRA2001-ERP-AM;30597 Bereinigung Partenrolle Z0;01-Umsetzung
810-FRA2001-ERP-AM;30603 Jungjäger: automatisierter Rucksackversand funktioniert n.;01-Umsetzung
810-FRA2001-ERP-AM;30628 neue Versandstelle für Drittlandsaufträge Rhenus;01-Umsetzung
810-FRA2001-ERP-AM;30633 Packtisch - Rechnungserstellung als PDF beim einlagern;01-Umsetzung
810-FRA2001-ERP-AM;30633 Packtisch - Rechnungserstellung als PDF beim einlagern;
810-FRA2001-ERP-AM;30634 Unvollständiges Retourelabel Rhenus;01-Umsetzung
810-FRA2001-ERP-AM;30634 Unvollständiges Retourelabel Rhenus;
810-FRA2001-ERP-AM;30636 Manueller Auftrag mit Paypal nicht möglich;
810-FRA2001-ERP-AM;30655 Amazon FBA Versandkosten;01-Umsetzung
810-FRA2001-ERP-AM;30657 Neues Feld im SAP für Herstellerfarben;01-Umsetzung
810-FRA2001-ERP-AM;30674 manuelle Transport- / Kommissioneraufträge für Filialen;01-Umsetzung
810-FRA2001-ERP-AM;30675 manuelles Label für das Ausland erstellen über ZWM_029;01-Umsetzung
810-FRA2001-ERP-AM;30683 Lagerquant nicht mehr vorhanden;01-Umsetzung
810-FRA2001-ERP-AM;30704 P01 - Telefonverkauf Kreditkarte und Gutscheinkauf;01-Umsetzung
810-FRA2001-ERP-AM;30726 Automatisiertes Absagen von UB, KB und MB Umlagerungen;01-Umsetzung
810-FRA2001-ERP-AM;30728 Zahlunsgseingangsverbuchung Otto (Ablösung Litreca);01-Umsetzung
810-FRA2001-ERP-AM;30732 Anpassung Lieferlauf AT;01-Umsetzung
810-FRA2001-ERP-AM;30747 Endgeliefert Bearbeitung offene Umlagerungen;01-Umsetzung
810-FRA2001-ERP-AM;30748 Leerzeichen in Katalogtexten fehlen;01-Umsetzung
810-FRA2001-ERP-AM;30749 ZWM_071 Anzeige Sperrig Vorrat defekt;01-Umsetzung
810-FRA2001-ERP-AM;30751 Druck Rechnungen in der Waffenkartei erfolgt nicht;01-Umsetzung
810-FRA2001-ERP-AM;30760 Hängende TB_ONE IDocs;01-Umsetzung
810-FRA2001-ERP-AM;30761 Änderungen relevante Metadaten;01-Umsetzung
810-FRA2001-ERP-AM;30763 P01 - SAP Schreibmaschine zsd_071 funktioniert nicht;01-Umsetzung
810-FRA2001-ERP-AM;30764 P01 - PDF-Guscheinkauf mit negativem Wert - Storno;
810-FRA2001-ERP-AM;30766 Bedingungen für Retourenlabel;01-Umsetzung
810-FRA2001-ERP-AM;30772 Optimierung IBAN-Erfassung;01-Umsetzung
810-FRA2001-ERP-AM;30772 Optimierung IBAN-Erfassung;02-Wochenplanung
810-FRA2001-ERP-AM;30772 Optimierung IBAN-Erfassung;
810-FRA2001-ERP-AM;30773 TradeByte-IDOCs lassen sich nicht verarbeiten;01-Umsetzung
810-FRA2001-ERP-AM;30782 Unschärfe bei der Zuteilung von Sperrig Wägen;01-Umsetzung
810-FRA2001-ERP-AM;30788 Neuer Behälter-Typ G 11K Reithalle;01-Umsetzung
810-FRA2001-ERP-AM;30791 Fehler bei Einlagerung ins Kons.-Lager;01-Umsetzung
810-FRA2001-ERP-AM;30796 Amazon FBA Fakturen automatisieren;01-Umsetzung
810-FRA2001-ERP-AM;30796 Amazon FBA Fakturen automatisieren;
810-FRA2001-ERP-AM;30804 Transaktion SOSG zeigt keine Werkstattmails an;01-Umsetzung
810-FRA2001-ERP-AM;30806 Bestände MDE (Flexusanwendung) stimmen nicht mit SAP;01-Umsetzung
810-FRA2001-ERP-AM;30837 Inventurerweiterung Werkstattauswertung;01-Umsetzung
810-FRA2001-ERP-AM;30838 Status für C&C-Auftäge;01-Umsetzung
810-FRA2001-ERP-AM;30856 P01 - Anton Tester Auftrag;01-Umsetzung
810-FRA2001-ERP-AM;30877 Preispflege Kasse/Cloud Staffelpreis Fehler;01-Umsetzung
810-FRA2001-ERP-AM;30922 Optimierung Packprozess;01-Umsetzung
810-FRA2001-ERP-AM;30924 Optimierung FR Prozesse;01-Umsetzung
810-FRA2001-ERP-AM;30924 Optimierung FR Prozesse;
810-FRA2001-ERP-AM;30932 Sperrung Personalkarten;01-Umsetzung
810-FRA2001-ERP-AM;30933 P01 - Deckblatt für Rücksendelabel wenn es gedruckt wird;01-Umsetzung
810-FRA2001-ERP-AM;30935 Abbruch Lieferlauf Rhenus;01-Umsetzung
810-FRA2001-ERP-AM;30935 Abbruch Lieferlauf Rhenus wegen Gutschein;01-Umsetzung
810-FRA2001-ERP-AM;30959 Versandkostenzuschläge AT;01-Umsetzung
810-FRA2001-ERP-AM;30972 Zahlart für Nutzer gesperrt;01-Umsetzung
810-FRA2001-ERP-AM;30991 Fehler bei Daten-Selektion Zoll-Rechnung ZSD_031;01-Umsetzung
810-FRA2001-ERP-AM;30992 Anpassung ZWM_094;01-Umsetzung
810-FRA2001-ERP-AM;30993 Fiori - Fotos aus App EWB Digitalisierung werden nicht ang;01-Umsetzung
810-FRA2001-ERP-AM;30994 Zahlartenmapping B2C erweitern;01-Umsetzung
810-FRA2001-ERP-AM;31006 Anpassung Rechnungsstellung Auctronia;01-Umsetzung
810-FRA2001-ERP-AM;31008 P01 - PDF Gutschein wird auf Rechnung nicht abgezogen;01-Umsetzung
810-FRA2001-ERP-AM;31032 Mahnung an Kunden mit Boni 801 und 804;01-Umsetzung
810-FRA2001-ERP-AM;31032 Mahnung an Kunden mit Boni 801 und 804;
810-FRA2001-ERP-AM;31036 Bestellungen im Kundenkonto nicht sichtbar;01-Umsetung
810-FRA2001-ERP-AM;31043: Fehler in Gebrauchtwaffen Fiori App;01-Umsetzung
810-FRA2001-ERP-AM;31045: Termin 01.02.2024 - Diverse Nummernkreise;01-Umsetzung
810-FRA2001-ERP-AM;31046 die Nachrichtenfindung schlägt Rhenus fehl;01-Umsetzung
810-FRA2001-ERP-AM;31078 P01 - Übernahme der Bezeichnung aus Fiori in SAP;01-Umsetzung
810-FRA2001-ERP-AM;31082 Erfassung Mobiltelefonnummer - Auctronia;01-Umsetzung
810-FRA2001-ERP-AM;31084 Prüfung / Korrekuru Freigabestrategie;01-Umsetzung
810-FRA2001-ERP-AM;31090 Aucronia: mögliche Laufzeit für Auktionen soll ausgeweitet;01-Umsetzung
810-FRA2001-ERP-AM;31104 Optimierung der Packtische;01-Umsetzung
810-FRA2001-ERP-AM;31108 Auftragsstatusabgleich Allianz;01-Durchführung
810-FRA2001-ERP-AM;31109 Katalogausleitung: zusätzliche Variantenbildung;01-Umsetzung
810-FRA2001-ERP-AM;31118 Problem bei Frankreich Abwicklung Konsi - Ware;01-Umsetzung
810-FRA2001-ERP-AM;31121 Fehler bei Transportauftragsanlage;01-Umsetzung
810-FRA2001-ERP-AM;31123 Neues Null-Nali Kennzeichen 6;01-Umsetzung
810-FRA2001-ERP-AM;31130 Diverse Fehler bei der Abwicklung für F und Ö;01-Umsetzung
810-FRA2001-ERP-AM;31144 doppelter Name auf Adresslabel;
810-FRA2001-ERP-AM;31153 RiskIdent: Implementierung Use Case 1;01-Umsetzung
810-FRA2001-ERP-AM;31174 P01 - Artikel auf frankonia.de ausverkauft aber .at verfüg;01-Umsetzung
810-FRA2001-ERP-AM;31178 Überprüfung der Volumendaten des neuen C-Behälters;01-Umsetzung
810-FRA2001-ERP-AM;31179 Abbruch Lieferlauf Frankreich 1332;01-Umsetzung
810-FRA2001-ERP-AM;31200 Hinweise auf SAP Belegen;01-Umsetzung
810-FRA2001-ERP-AM;31212 Zahlarten-Schnittstelle SAP - Shop;01-Umsetzung
810-FRA2001-ERP-AM;31232 Fehler bei WA-Buchung Frankreich;01-Umsetzung
810-FRA2001-ERP-AM;31237 Liefersperre CC zieht sich nicht bei Auftrag m. Payment L.;01-Umsetzung
810-FRA2001-ERP-AM;31253 Fehler bei Buchungsschritt nach Prüflos;01-Umsetzung
810-FRA2001-ERP-AM;31273 P01 - Änderung von angelegt von in Fiori;01-Umsetzung
810-FRA2001-ERP-AM;31278 Fiori - Kundenanlage Erweiterung um DSGVO-Hinweis;01-Umsetzung
810-FRA2001-ERP-AM;31282 Problem bei Platz leer / Behälter voll;01-Umsetzung
810-FRA2001-ERP-AM;31295 P01 - Status und weitere Information Telefonverkauf;01-Umsetzung
810-FRA2001-ERP-AM;31297 Zahlungseingangsverbuchung Ebay;01-Umsetzung
810-FRA2001-ERP-AM;31311 Zahlartenmapping Webshop B2B;01-Umsetzung
810-FRA2001-ERP-AM;31328 Versandbedingung für CC-Aufträge;01-Umsetzung
810-FRA2001-ERP-AM;31330 automatische Archivierung der Zollrechnung über ZSD_031;01-Umsetzung
810-FRA2001-ERP-AM;31354 Andruck der Bestellnummer bei Umlagerungen;01-Umsetzung
810-FRA2001-ERP-AM;31361 Zinserträge aus Raten - falsches Steuerkennzeichen;01-Umsetzung
810-FRA2001-ERP-AM;31388 Falsche Lagerorte bei WE Buchungen Filiale;01-Umsetzung
810-FRA2001-ERP-AM;31399 Sammelartikelnummer Zeitschriften;01-Umsetzung
810-FRA2001-ERP-AM;31415 Onlineaufträge mit Absagegrund 01 absagen;01-Umsetzung
810-FRA2001-ERP-AM;31422 Fehler bei Transportauftragsanlage;01-Umsetzung
810-FRA2001-ERP-AM;31427 Transportfragebogen bei Streckenbestellung - NEUER BOGEN;01-Umsetzung
810-FRA2001-ERP-AM;31433 Laufzeitfehler Testsystem bei Belieferung von UBs;01-Umsetzung
810-FRA2001-ERP-AM;31436 Fehlerhafte SAP Pushes;01-Umsetzung
810-FRA2001-ERP-AM;31437 Falsche Werte OnlineShop bei Auftragsanlage;01-Umsetzung
810-FRA2001-ERP-AM;31437 Falsche Werte OnlineShop bei Auftragsanlage;
810-FRA2001-ERP-AM;31444 Swarovski K 45586 - Neu ab FS22_TEXTIL-Outdoor  kein EDI;01-Umsetzung
810-FRA2001-ERP-AM;31445 Versand mit DPD bei Exportaufträgen;01-Umsetzung
810-FRA2001-ERP-AM;31446 Keine Einträge zu 02K gefunden;01-Umsetzung
810-FRA2001-ERP-AM;31457 Konsi Bestände ohne K auf Transfer - keine Zuordnung;01-Umsetzung
810-FRA2001-ERP-AM;31459 zwei Testfälle für Filiale Erfurt Click&Collect;01-Umsetzung
810-FRA2001-ERP-AM;31461 Lieferung ohne Bestand angelegt, nicht sichtbar MD04;01-Umsetzung
810-FRA2001-ERP-AM;31476 Avis-Datei Overnite;01-Umsetzung
810-FRA2001-ERP-AM;31512 Customizingoptimierung Auftragserfassung AT;
810-FRA2001-ERP-AM;31527 P01 - Artikel ziehen sich nicht auf Filiale;01-Umsetzung
810-FRA2001-ERP-AM;31540 Fiori _ EWBs nicht abschließbar - Userbezogen;01-Umsetzung
810-FRA2001-ERP-AM;31574 Analyse der Liefer-ID-Kombinationen.;01-Umsetzung
810-FRA2001-ERP-AM;31587 Cavok Änderungszeiger;01-Umsetzung
810-FRA2001-ERP-AM;31595 Nachrichtenkondition ZA00 - Versand nur mit Komm.Art INT;01-Umsetzung
810-FRA2001-ERP-AM;31618 Fiori Anzeige Warenausgang + TA Anlage;01-Durchführung
810-FRA2001-ERP-AM;31630 Liefernummernanzeige via HU;
810-FRA2001-ERP-AM;31632 Zahlartenmapping Webshop B2C;01-Umsetzung
810-FRA2001-ERP-AM;31637 Zusätzliche Felder in der ZWM_006;01-Umsetzung
810-FRA2001-ERP-AM;31642 P01 - Abschaffung Anton Tester;01-Umsetzung
810-FRA2001-ERP-AM;31647 Kombiretourenlabel;01-Durchführung
810-FRA2001-ERP-AM;31647 Kombiretourenlabel;01-Team Besprechung
810-FRA2001-ERP-AM;31647 Kombiretourenlabel;
810-FRA2001-ERP-AM;31648 Retourenlabel und Anfrage für Retourenlabel in CH, AT;01-Umsetzung
810-FRA2001-ERP-AM;31682 P01 - Fehlerhafter Betrag für Kreditkartenauthorisierung;01-Umsetzung
810-FRA2001-ERP-AM;31684 SAP Buchung ohne Gutscheinnummer in der Zuordnung;01-Umsetzung
810-FRA2001-ERP-AM;31713 Testunterstützung Logistikprozesse;01-Umsetzung
810-FRA2001-ERP-AM;31718 Anpassung Delta Lauf Neuterminierung;01-Umsetzung
810-FRA2001-ERP-AM;31721 Kommissionierlisten Bildung prüfen - eine Lieferung;01-Umsetzung
810-FRA2001-ERP-AM;31732 Sammellieferung mit Andruck aller Bestellnummern;01-Umsetzung
810-FRA2001-ERP-AM;31732 Sammellieferung mit Andruck aller Bestellnummern;
810-FRA2001-ERP-AM;31744 Kommissionierliste löschen mit Firefighter;01-Durchführung
810-FRA2001-ERP-AM;31755 VKM1: DE11 & DE12 ohne Kreditprüfung in Frankreich;01-Umsetzung
810-FRA2001-ERP-AM;31763 Prüfung Liefer-ID Art. 2011819;01-Umsetzung
810-FRA2001-ERP-AM;31766 Filialausgang Ware wird gescannt aber nicht verpackt;01-Durchführung
810-FRA2001-ERP-AM;31770  Statusanzeige Liefersperre Online Shop;01-Umsetzung
810-FRA2001-ERP-AM;31782 Äufräumung der Datenbank zum WE-Cockpit;01-Durchführung
810-FRA2001-ERP-AM;31788 Gast Bestellung;01-Umsetzung
810-FRA2001-ERP-AM;31813 HU verschwindet nach Warenausgang buchen;01-Umsetzung
810-FRA2001-ERP-AM;31828 Warenausgang für Lohnbeistellung nicht möglich;01-Umsetzung
810-FRA2001-ERP-AM;31842 Rechnungen werden ohne Artikelbezeichung gedruckt;01-Umsetzung
810-FRA2001-ERP-AM;31852 Liefer-ID falsch bei Sicherheitsbestand GH;01-Umsetzung
810-FRA2001-ERP-AM;31857 Schnittstelle Merkmale Cavok reduzieren;01-Umsetzung
810-FRA2001-ERP-AM;31864 P01 - Fehlerhafte Authorisierung PayPal Auftrag;01-Umsetzung
810-FRA2001-ERP-AM;31870 Sendungdaten an DHL;01-Umsetzung
810-FRA2001-ERP-AM;31874 Falsche Preise im Shop;01-Umsetzung
810-FRA2001-ERP-AM;31883 Anpassung bei vier Filialen Umlagerungen innerhalb Filiale;01-Umsetzung
810-FRA2001-ERP-AM;31911 SAP Incident: 322815 / 2022 MD04 nicht refreshed nach Ausf;01-Umsetzung
810-FRA2001-ERP-AM;31933 P01 - xd02 Anzeige der Zusatzdaten Debitor optimieren;
810-FRA2001-ERP-AM;31938 Korrektur Etikettendruck Filiale Preisangabenverordnung;01-Umsetzung
810-FRA2001-ERP-AM;31954 Formular Belastungsanzeige;01-Umsetzung
810-FRA2001-ERP-AM;31957 Flexus_MDE_Anwendung: Artikel können nicht abgerufen;01-Umsetzung
810-FRA2001-ERP-AM;31965 AB Verarbeitung Merkel;01-Umsetzung
810-FRA2001-ERP-AM;31981 B2B Überschreiben Lieferaussage 26 zu Lieferaussage 27;01-Umsetzung
810-FRA2001-ERP-AM;31998 Filialbestände im Shop falsch;01-Umsetzung
810-FRA2001-ERP-AM;32001 Löschanfragen Ebay;01-Umsetzung
810-FRA2001-ERP-AM;32004 Benutzung Fire Fighter für Herrn Marcel Schröder;01-Umsetzung
810-FRA2001-ERP-AM;32015 Falscher Preis Simulate Order;01-Umsetzung
810-FRA2001-ERP-AM;32017 Lieferterminaussage Shop GH falsch;01-Umsetzung
810-FRA2001-ERP-AM;32039 Fehlerhafte Preise im Webshop;01-Umsetzung
810-FRA2001-ERP-AM;32070 Veriegelung Preiskonditionen VK;01-Umsetzung
810-FRA2001-ERP-AM;32112 Anpassung Statustext bei Meine Bestellungen;01-Umsetzung
810-FRA2001-ERP-AM;32114 Kein Retourelabel für Exportkunden;01-Umsetzung
810-FRA2001-ERP-AM;32115 Korrektur Verfügbarkeitsprüfung GH;01-Umsetzung
810-FRA2001-ERP-AM;32116 Blockieren paralleler Ausführung zyklische Jobs;01-Umsetzung
810-FRA2001-ERP-AM;32124 Fehler Lieferlauf Großhandel;01-Umsetzung
810-FRA2001-ERP-AM;32158 Fehler Logik Rechnungsdruck Export;01-Umsetzung
810-FRA2001-ERP-AM;32160 P01 - Fehler manuelle PayPal Auftragsanlage;01-Umsetzung
810-FRA2001-ERP-AM;32187 Nachnahme Versand Betrag wurde auf Label nicht gedruckt;01-Umsetzung
810-FRA2001-ERP-AM;32198 Rückbau Transport zu Ticket #19757;01-Umsetzung
810-FRA2001-ERP-AM;32200 PayPal - PayID kommt nicht korrekt in SAP an;01-Umsetzung
810-FRA2001-ERP-AM;32202 Fehlende Daten in Kundenschnittstelle AUKT;01-Umsetzung
810-FRA2001-ERP-AM;32210 Fehler SAP-Gutscheinkonto;01-Umsetzung
810-FRA2001-ERP-AM;32210 Fehler SAP-Gutscheinkonto;
810-FRA2001-ERP-AM;32213 P01 -  Eintrag Auslieferung über Filiale bei Aufträgen;01-Umsetzung
810-FRA2001-ERP-AM;32228 Click & Reserve trotz Reservierung möglich;01-Umsetzung
810-FRA2001-ERP-AM;32234 P01 - Versandnachricht 1009 enthält fehlerhafte Daten;01-Umsetzung
810-FRA2001-ERP-AM;32262 Fiori - EWB Liste Sortierung anpassen;01-Umsetzung
810-FRA2001-ERP-AM;32285 P01 - C&C Mail Abholschein - Filialinfo fehlt;01-Umsetzung
810-FRA2001-ERP-AM;32286 P01 - C&C Absagegrund 00 erzeugt keine Mail an den Kunden;01-Umsetzung
810-FRA2001-ERP-AM;32298 P01 - Jagdschein wird im TA nicht gezogen;01-Umsetzung
810-FRA2001-ERP-AM;32310 P01 - Mehrere Aufträge auf Filiale obwohl nur 1x Bestand;01-Umsetzung
810-FRA2001-ERP-AM;32357 Fehlerhafter Kassenbon 1163 vom 22.07.2022;01-Umsetzung
810-FRA2001-ERP-AM;32358-01 Click and Reserve;01-Umsetzung
810-FRA2001-ERP-AM;32359 Fiori - Filiale 1157 kein Mailversand möglich;01-Umsetzung
810-FRA2001-ERP-AM;32377 - Gutschein doppelt auf Kundenkonto;01-Umsetzung
810-FRA2001-ERP-AM;32382 Anmeldung via Trusted System;01-Umsetzung
810-FRA2001-ERP-AM;32383 Doku. TTE Schnittstelle;01-Durchführung
810-FRA2001-ERP-AM;32384 ZSD_092 maschinelle Erstattung Gutschriften funktioniert n;01-Umsetzung
810-FRA2001-ERP-AM;32391-01 Kundenänderung;01-Umsetzung
810-FRA2001-ERP-AM;32395 Auslesen BI-Gutscheine;01-Umsetzung
810-FRA2001-ERP-AM;32396 Click & Collect - Job Anpassungen;01-Umsetzung
810-FRA2001-ERP-AM;32401 Marktplätze: Versandbestätigungen werden n. an Tradebyte;01-Umsetzung
810-FRA2001-ERP-AM;32408 Anpassung Kommissionierbereich;01-Umsetzung
810-FRA2001-ERP-AM;32410 Preisdatum;01-Umsetzung
810-FRA2001-ERP-AM;32416 Fehlermeldungstext bei der Fiori App;01-Umsetzung
810-FRA2001-ERP-AM;32460 Fehler Entnahme Reservierung Serialnummer;01-Umsetzung
810-FRA2001-ERP-AM;32464 Inhalt der Userexits durch Z-Includes ersetzen;01-Umsetzung
810-FRA2001-ERP-AM;32481 - PayPal-Direktanbindung Retoure;01-Umsetzung
810-FRA2001-ERP-AM;32483 I-Autrag C&C kann nicht über ZSD_112 eingespielt werden;01-Umsetzung
810-FRA2001-ERP-AM;32491 Klärung Gutscheinreferenz - BR Dies sind echte POS Buchung;01-Umsetzung
810-FRA2001-ERP-AM;32492 Klärung Gutscheinreferenz - DG Das sind Retouren Filialkun;01-Umsetzung
810-FRA2001-ERP-AM;32505 Tag Marketingfarbe / Brand wird in der Schnittstelle Cavok;01-Umsetzung
810-FRA2001-ERP-AM;32507 Filialausgang Fiori App Verarbeitungsfehler;01-Umsetzung
810-FRA2001-ERP-AM;32530 Darstellung Zuschläge Waffenschränke & Service;01-Umsetzung
810-FRA2001-ERP-AM;32530 Darstellung Zuschläge Waffenschränke & Service;
810-FRA2001-ERP-AM;32558 Zahlsperre bei Kreditkartenaufträgen aus Österreich;01-Umsetzung
810-FRA2001-ERP-AM;32578 Fehler bei Resvierungsentnahme;01-Umsetzung
810-FRA2001-ERP-AM;32578 Fehler bei Resvierungsentnahme;
810-FRA2001-ERP-AM;32581 Zalando.de: Datenchaos bei eingespielte Testaufträge;01-Umsetzung
810-FRA2001-ERP-AM;32582 Folgeticket zu 31457 - Frankreich Konsi;01-Umsetzung
810-FRA2001-ERP-AM;32595-C&C Auftrag- Aktionscode;01-Umsetzung
810-FRA2001-ERP-AM;32619 - Stornoflag für C&C-Aufträge;01-Umsetzung
810-FRA2001-ERP-AM;32637 fehlende Leerzeichen im Fließtext;01-Umsetzung
810-FRA2001-ERP-AM;32677 Retourenlabel ohne Barcode;01-Umsetzung
810-FRA2001-ERP-AM;32688 Fehlender Barcode auf TA;01-Umsetzung
810-FRA2001-ERP-AM;32733 Fehlender E-Mail Versand bei Fotostudio-Abforderung;01-Umsetzung
810-FRA2001-ERP-AM;80-Reise;01-Durchführung
810-FRA2001-ERP-AM;IOT-Beteiligung an Problemen;
810-FRA2001-ERP-AM;xxx-Direktanfragen ohne Ticket;01-Umsetzung
810-FRA2001-ERP-AM;xxx-Direktanfragen ohne Ticket;
810-FRA2001-ERP-AM;;
811-FRA2002-ERP-Kleinstprojekte;11218  Jahresdateien zum Personalkaufumsatz;01-Umsetzung
811-FRA2002-ERP-Kleinstprojekte;14425-Vorbereitung S/4 Migration;01-Umsetzung
811-FRA2002-ERP-Kleinstprojekte;14582 Ablösung VKF-Monitor / Integration Aktionsabwicklung;01-Umsetzung
811-FRA2002-ERP-Kleinstprojekte;14585 SelfServices;01-Umsetzung
811-FRA2002-ERP-Kleinstprojekte;14585 SelfServices;02-Kundenkonto
811-FRA2002-ERP-Kleinstprojekte;14585 SelfServices;03-Create/Sim Order
811-FRA2002-ERP-Kleinstprojekte;14585 SelfServices;04-Ablösung ZWEBTABLE
811-FRA2002-ERP-Kleinstprojekte;14585 SelfServices;10-Übergreifende Jourfix / Teamsitzung
811-FRA2002-ERP-Kleinstprojekte;14637 Filialprozesse;01-Umsetzung
811-FRA2002-ERP-Kleinstprojekte;15431 SelfService: Retourenlabel anfordern;01-Umsetzung
811-FRA2002-ERP-Kleinstprojekte;16175 P01 - Fehler bei Authorisierungen Kreditkarte über Shop;01-Umsetzung
811-FRA2002-ERP-Kleinstprojekte;16513 VW Nachschub & Staffelpreise;
811-FRA2002-ERP-Kleinstprojekte;18991 Abst. FI zu Anzahlungs- & Vorkasseprozess;01-Umsetzung
811-FRA2002-ERP-Kleinstprojekte;19621 Spartenfindung ERP;01-Umsetzung
811-FRA2002-ERP-Kleinstprojekte;20999 Reservierung Rücklauf Retouren;01-Umsetzung
811-FRA2002-ERP-Kleinstprojekte;21001 Lieferantenportal;01-Umsetzung
811-FRA2002-ERP-Kleinstprojekte;21001 Lieferantenportal;
811-FRA2002-ERP-Kleinstprojekte;23347 Ablösung ZWEBTABEL;01-Umsetzung
811-FRA2002-ERP-Kleinstprojekte;23396 Click & Collect light;01-Umsetzung
811-FRA2002-ERP-Kleinstprojekte;23862 Fotostudio über QM;01-Durchführung
811-FRA2002-ERP-Kleinstprojekte;23904-Kreditkartenredesign;01-Durchführung
811-FRA2002-ERP-Kleinstprojekte;25525 Frankreich Filialpackplatz Versandmatrix;01-Umsetzung
811-FRA2002-ERP-Kleinstprojekte;25911 Auftragsannahme über Ratepay (Telefon und App);01-Umsetzung
811-FRA2002-ERP-Kleinstprojekte;25947 Ausbau der Fiori App auf freie Artikel;01-Umsetzung
811-FRA2002-ERP-Kleinstprojekte;26131 SAP Produktkatalog;01-Umsetzung
811-FRA2002-ERP-Kleinstprojekte;26247 Sammelprojekt Zahlungsdienstleister;01-Umsetzung
811-FRA2002-ERP-Kleinstprojekte;26347 Paypal Zahlungen im stationären Handel;01-Umsetzung
811-FRA2002-ERP-Kleinstprojekte;26795 Marketplace Naturabuy - Automatischer Import Bestellungen;01-Umsetzung
811-FRA2002-ERP-Kleinstprojekte;27062-Konzeption Redesign Werkstattprozesse;01-Durchfürhung
811-FRA2002-ERP-Kleinstprojekte;27221 Konditionsmanagement Großhandel;01-Umsetzung
811-FRA2002-ERP-Kleinstprojekte;27221 Konditionsmanagement Großhandel;
811-FRA2002-ERP-Kleinstprojekte;27656 Operatives Dashboard für KB;01-ERP Integration / Kennzahlen
811-FRA2002-ERP-Kleinstprojekte;27656 Operatives Dashboard für KB;01-Umsetzung
811-FRA2002-ERP-Kleinstprojekte;27656 Operatives Dashboard für KB;02-App
811-FRA2002-ERP-Kleinstprojekte;27666 automatische Erstellung und Druck der Frachtpapiere;01-Umsetzung
811-FRA2002-ERP-Kleinstprojekte;27671 fiori uploads für operatives dashboard customer service;01-Umsetzung
811-FRA2002-ERP-Kleinstprojekte;27766 FRA Filialleiterübersicht;01-Umsetzung
811-FRA2002-ERP-Kleinstprojekte;27766-Fiori - Filialleiterübersicht;01-Umsetzung
811-FRA2002-ERP-Kleinstprojekte;27801 Lieferanten REST API;01-Umsetzung
811-FRA2002-ERP-Kleinstprojekte;27801 Lieferanten REST API;
811-FRA2002-ERP-Kleinstprojekte;27808 Marktpaltzoptimierung;01-Vorabstimmung Konzeption
811-FRA2002-ERP-Kleinstprojekte;27808 Marktplätze Überarbeitung Anbindung und Normalisierung;01-Umsetzung
811-FRA2002-ERP-Kleinstprojekte;27830 eBay: Zahlungsavis per API abholen;01-Umsetzung
811-FRA2002-ERP-Kleinstprojekte;27887 SAP Stammdaten VTL und VWKZ nach Vertriebsweg/Verkaufsorg.;01-Umsetzung
811-FRA2002-ERP-Kleinstprojekte;27887 SAP Stammdaten VTL und VWKZ nach Vertriebsweg/Verkaufsorg.;
811-FRA2002-ERP-Kleinstprojekte;27927 WE Cockpit Optimierung;01-Durchführung
811-FRA2002-ERP-Kleinstprojekte;27954  Jobplanung Lieferläufe;01-Umsetzung
811-FRA2002-ERP-Kleinstprojekte;28374 Marktplätze: Umstellung Bestandsupdates direkt aus SAP;01-Umsetzung
811-FRA2002-ERP-Kleinstprojekte;28425 2. Wahlprozesse;01-Durchführung
811-FRA2002-ERP-Kleinstprojekte;28456-Retouren-App;01-Umsetzung
811-FRA2002-ERP-Kleinstprojekte;28606 Zahlunsgseingangsverbuchung Amazon;01-Umsetzung
811-FRA2002-ERP-Kleinstprojekte;28617 Amazon FBA;01-Durchführung
811-FRA2002-ERP-Kleinstprojekte;28639 Zahlungseingangsverbuchung PayPal DE;01-Umsetzung
811-FRA2002-ERP-Kleinstprojekte;28831 Reporten von gelöschten Lieferunggen zu UBs/KBs;01-Umsetzung
811-FRA2002-ERP-Kleinstprojekte;28904 Zahlungseingangsverbuchung Kreditkarten;01-Umsetzung
811-FRA2002-ERP-Kleinstprojekte;29226 Ablösung BusinessConnector für Konsi. Lieferanten;01-Umsetzung
811-FRA2002-ERP-Kleinstprojekte;29245 Datenexport für Meldungen seitens Export & Import;01-Umsetzung
811-FRA2002-ERP-Kleinstprojekte;29630 Versandkosten Frankreich;01-Umsetzung
811-FRA2002-ERP-Kleinstprojekte;29631 Versandkosten Frankreich - Anpassungen Schnittstelle;01-Umsetzung
811-FRA2002-ERP-Kleinstprojekte;30421 Übertragung Avis Daten an VS Logistik Filiale;01-Umsetzung
811-FRA2002-ERP-Kleinstprojekte;30429 Formularanpassung Zalando Marktplatz-Erweiterung;01-Umsetzung
811-FRA2002-ERP-Kleinstprojekte;30430 Einrichtung Vertriebsweg Zalando Marktplatz-Erweiterung;01-Umsetzung
811-FRA2002-ERP-Kleinstprojekte;30446 Anpassung XML-Liefermeldung um Retourencode;01-Umsetzung
811-FRA2002-ERP-Kleinstprojekte;30809 Neuer Konsignationsprozess unter Berücksichtigung steuerr.;01-Umsetzung
811-FRA2002-ERP-Kleinstprojekte;30815 Lieferantenkonsignation Ausländische Läger;01-Umsetzung
811-FRA2002-ERP-Kleinstprojekte;30820 Neue Preisverordnung;01-Abstimmung/Konzeption
811-FRA2002-ERP-Kleinstprojekte;30820 Neue Preisverordnung;01-Umsetzung
811-FRA2002-ERP-Kleinstprojekte;30820 Neue Preisverordnung;02-Umsetzung Regelwerk
811-FRA2002-ERP-Kleinstprojekte;30820 Neue Preisverordnung;03-Integration
811-FRA2002-ERP-Kleinstprojekte;30820 Neue Preisverordnung;04-Abnahme/Test
811-FRA2002-ERP-Kleinstprojekte;30820 Neue Preisverordnung;
811-FRA2002-ERP-Kleinstprojekte;30853 Optimierung Marktplatz-Integration;01-Umsetzung
811-FRA2002-ERP-Kleinstprojekte;30922 Optimierung Packprozess;01-Umsetzung
811-FRA2002-ERP-Kleinstprojekte;30922 Optimierung Packprozess (Optim. Förderstrecke);01-Umsetzung
811-FRA2002-ERP-Kleinstprojekte;30922 Optimierung Packprozess (Optim. Förderstrecke);
811-FRA2002-ERP-Kleinstprojekte;30944 Vorprojekt neue Kasse;01-Umsetzung
811-FRA2002-ERP-Kleinstprojekte;31118 UST.Problem mit Konsi;01-Umsetzung
811-FRA2002-ERP-Kleinstprojekte;31362 Pilotprojekt Kasse Frankreich;01-Umsetzung
811-FRA2002-ERP-Kleinstprojekte;31549 Angebotsprozess;
811-FRA2002-ERP-Kleinstprojekte;31820 Großmengenkommissionnierung Logistik;01-Umsetzung
811-FRA2002-ERP-Kleinstprojekte;31975 Fehlerhafte Preisübermittlung;01-Umsetzung
811-FRA2002-ERP-Kleinstprojekte;32154 Dublettenoptimierung;
811-FRA2002-ERP-Kleinstprojekte;32280 abweichende Lieferadressen;01-Durchführung
811-FRA2002-ERP-Kleinstprojekte;32288 Bereitstellung individuelle Gutscheincodes - Marketing;01-Umsetzung
811-FRA2002-ERP-Kleinstprojekte;;
812-INQ2001-Wartung-&-Support;;
815-IOT2002-Vertrieb;00-Lück;03-Koordination
815-IOT2002-Vertrieb;00-Lück;
815-IOT2002-Vertrieb;02-Vorbereitung ohne Lead;01-Analyse/Recherche
815-IOT2002-Vertrieb;02-Vorbereitung ohne Lead;02-Ausarbeitung
815-IOT2002-Vertrieb;02-Vorbereitung ohne Lead;
815-IOT2002-Vertrieb;03-EWM - kundenunspezifisch;
815-IOT2002-Vertrieb;05-FIORI;01-Kundenakquise
815-IOT2002-Vertrieb;05-FIORI;
815-IOT2002-Vertrieb;06-Webinar;01-FIORI
815-IOT2002-Vertrieb;06-Webinar;02-Logistik/EWM
815-IOT2002-Vertrieb;06-Webinar;
815-IOT2002-Vertrieb;;
821-THA2001-FIORI;;
825-MEN2004-Wartung;;
831-FRA2005-19806-SAP-Formulare-und-eMails;10- Vorabstimmung zum Projekt;01-Abstimmung / Anforderungsaufnahme
831-FRA2005-19806-SAP-Formulare-und-eMails;10- Vorabstimmung zum Projekt;03-Team Sitzung
831-FRA2005-19806-SAP-Formulare-und-eMails;10- Vorabstimmung zum Projekt;
831-FRA2005-19806-SAP-Formulare-und-eMails;16274 Formulare - Sammler;01-Umsetzung
831-FRA2005-19806-SAP-Formulare-und-eMails;16274 Formulare - Sammler;
831-FRA2005-19806-SAP-Formulare-und-eMails;19806 Kundenkommunikation Redesign;01-PM
831-FRA2005-19806-SAP-Formulare-und-eMails;19806 Kundenkommunikation Redesign;05-KickOff & Bestandsaufnahme
831-FRA2005-19806-SAP-Formulare-und-eMails;19806 Kundenkommunikation Redesign;
831-FRA2005-19806-SAP-Formulare-und-eMails;20-Konzeption;02-Erstellung
831-FRA2005-19806-SAP-Formulare-und-eMails;30-Übernahme V3 Beleg;02-Erweiterung Nachrichtensteuerung
831-FRA2005-19806-SAP-Formulare-und-eMails;30-Übernahme V3 Beleg;03-Anpassung Rechnungssmartform
831-FRA2005-19806-SAP-Formulare-und-eMails;30-Übernahme V3 Beleg;
831-FRA2005-19806-SAP-Formulare-und-eMails;40-V1 Kommunikation;01-Abstimmung / Anforderungsaufnahme
831-FRA2005-19806-SAP-Formulare-und-eMails;40-V1 Kommunikation;
831-FRA2005-19806-SAP-Formulare-und-eMails;50-V2 Kommunikation;
831-FRA2005-19806-SAP-Formulare-und-eMails;60-Erweiterung Easy Send Mail;01-Responsives Verhalten
834-MEN2006-WE-M7-Gewährleistung;;
836-MAN2101-Application-Management;00-Koordination;00-Kleinstanfrage
836-MAN2101-Application-Management;00-Koordination;00-Koordination
836-MAN2101-Application-Management;00-Koordination;10-JourFixe
836-MAN2101-Application-Management;10-Tickets;00-Durchführung
836-MAN2101-Application-Management;10-Tickets;00-Kleinstanfrage
836-MAN2101-Application-Management;10-Tickets;00-Koordination
836-MAN2101-Application-Management;10-Tickets;3481 - E-Mailsignatur und Anpassung LLE Erinnerungen
836-MAN2101-Application-Management;10-Tickets;3499 - Anpassung Nachricht E-Mail Versand CH Rechnungen
836-MAN2101-Application-Management;10-Tickets;3520 - Customer Service: Fehler im Dokument
836-MAN2101-Application-Management;10-Tickets;3544 - Customer Service: Anpassung Nachricht E-Mail
836-MAN2101-Application-Management;30 - SNP Schulung;
836-MAN2101-Application-Management;;
837-MAN2102-Kleinstprojekte;00-Kleinstprojekte;00-Durchführung
837-MAN2102-Kleinstprojekte;2098 FIORI-Auftragserfassung: MAG-Erweiterung;01-Durchführung
837-MAN2102-Kleinstprojekte;2331 ILM Integration;01-Einrichtung
837-MAN2102-Kleinstprojekte;2331 ILM Integration;02-Durchführung und Unterstützung P
837-MAN2102-Kleinstprojekte;2348 Zahlart an Lieferung speichern;01-Umsetzung
837-MAN2102-Kleinstprojekte;2373 POS.AT-API Integration;00 Durchführung
837-MAN2102-Kleinstprojekte;2412 Einführung GK Hospitality;01-Durchführung
837-MAN2102-Kleinstprojekte;2461 Changes zu Angebot MAGAZIN;01-Durchführung
837-MAN2102-Kleinstprojekte;2461 Changes zu Angebot MAGAZIN;
837-MAN2102-Kleinstprojekte;2555 Preisplanung: neue Anforderungen;00 Durchführung
837-MAN2102-Kleinstprojekte;2564 PayPal Optimierungen;00 Umsetzung
837-MAN2102-Kleinstprojekte;2639 c/o-Zeile auf Bestellungsformular ausgeben;01-Umsetzung
837-MAN2102-Kleinstprojekte;2703 Impressum Mail AT;01-Umsetzung
837-MAN2102-Kleinstprojekte;2783 CS-Cockpits: Redesign;00 Durchführung
837-MAN2102-Kleinstprojekte;2786 Assortment Planning QuickWins;01-Umsetzung
837-MAN2102-Kleinstprojekte;2885 Versandstellenfindung Filialversand;01-Durchführung
837-MAN2102-Kleinstprojekte;2900 Mail: verfügbarkeits-Übersicht;01-Durchführung
837-MAN2102-Kleinstprojekte;2934 Liefertermintreue monitoren;01-Durchführung
837-MAN2102-Kleinstprojekte;2973 Retail: Belegtext englisch für Digitalen Bon;01-Umsetzung
837-MAN2102-Kleinstprojekte;3023 Verf.: AB-Logik;00 Durchführung
837-MAN2102-Kleinstprojekte;3065 Fiori Artikelauslistung;01-Umsetzung
837-MAN2102-Kleinstprojekte;3079 Screen Personas POC;01-Umsetzung
837-MAN2102-Kleinstprojekte;3079 Screen Personas POC;03-Unterstützung
837-MAN2102-Kleinstprojekte;3079 Screen Personas POC;
837-MAN2102-Kleinstprojekte;3093 FIORI Preisplanung 2.0;00 Durchführung
837-MAN2102-Kleinstprojekte;3093 FIORI Preisplanung 2.0;00 Umsetzung
837-MAN2102-Kleinstprojekte;3100 Promo-Engine: Einführung;00 Umsetzung
837-MAN2102-Kleinstprojekte;3124 Filialadresse anzeigen bei C&C-Auftrag;01-Umsetzung
837-MAN2102-Kleinstprojekte;3127 Procurement: Sichtbarkeit der Artikelsaison in SAP;01-Umsetzung
837-MAN2102-Kleinstprojekte;3145 GoGreen Label auf Versandlabel andrucken;01-Umsetzung
837-MAN2102-Kleinstprojekte;3181 Paygate: Nachbearbeitungscockpit anpassen;00 Umsetzung
837-MAN2102-Kleinstprojekte;3201 CS: Kundenkommunikation;01-Umsetzung
837-MAN2102-Kleinstprojekte;3201 CS: Kundenkommunikation;
837-MAN2102-Kleinstprojekte;3202 Aufträge ohne AG/WE;01-Umsetzung
837-MAN2102-Kleinstprojekte;3203 Adresszeile für AT u. CH entfernen;01-Umsetzung
837-MAN2102-Kleinstprojekte;3206 FIORI Preisplanung: Schnellauswertung;01-Umsetzung
837-MAN2102-Kleinstprojekte;3251 GABW-Logik Shop anpassen;00 Umsetzung
837-MAN2102-Kleinstprojekte;3265 NL Fehlende Übersetzung / Änderung der Zahlungsbedingung;01-Umsetzung
837-MAN2102-Kleinstprojekte;3265 NL Fehlende Übersetzung / Änderung der Zahlungsbedingung;
837-MAN2102-Kleinstprojekte;3270 Grundpreisverordnung umsetzen;00 Umsetzung
837-MAN2102-Kleinstprojekte;3295 Änderung der E-Mail-Adresse – Widerspruch AB;01-Umsetzung
837-MAN2102-Kleinstprojekte;3298 Optimierung Popups in Auftragsbearbeitung;01-Umsetzung
837-MAN2102-Kleinstprojekte;3361 Text bei Retoureneingangsbestätigungen;01-Umsetzung
837-MAN2102-Kleinstprojekte;3379 Katalogaufträge: Partnerübertragung anpassen;00 Umsetzung
837-MAN2102-Kleinstprojekte;3396 Internationalisierung: NL Vkorg;00 Umsetzung
837-MAN2102-Kleinstprojekte;3397 Check & Change Formular LLE Abfrage;01-Umsetzung
837-MAN2102-Kleinstprojekte;3401 Paygate-Zahlart: ideal;00 Umsetzung
837-MAN2102-Kleinstprojekte;3409 Rechnung: Swiss QR-Code;00 Umsetzung
837-MAN2102-Kleinstprojekte;3450 - Geschäftspapier nachbilden für Versandpapier CH;01-Umsetzung
837-MAN2102-Kleinstprojekte;3473 Anpassungen Fiori Kommissionier-App;01-Umsetzung
837-MAN2102-Kleinstprojekte;3532 UUID als eindeutige ID;00 Umsetzung
837-MAN2102-Kleinstprojekte;3554 Lagerwechsel Hermes Fulfillment;00 Umsetzung
837-MAN2102-Kleinstprojekte;586 LLE Anpassung Flexibilität;01-Umsetzung
837-MAN2102-Kleinstprojekte;606 REST-API-Einführung Shop;01-Durchführung
841-CAS2103-Debitel;;
845-KEB2102-Fiori-Repair-Documentation-Framework;03-Entwicklung;
845-KEB2102-Fiori-Repair-Documentation-Framework;04-Schulung;
845-KEB2102-Fiori-Repair-Documentation-Framework;05-Administration;
845-KEB2102-Fiori-Repair-Documentation-Framework;;
848-VON2101-Handwerkerkopplung-2.0;05-Fiori Develop;
848-VON2101-Handwerkerkopplung-2.0;;
850-CAS2105-Fiori-Readiness-Check;Klingele 2021/0101;
853-FRA2101-Werkstattprozesse;10-PM;01-Besprechung Projektteam
853-FRA2101-Werkstattprozesse;10-PM;02-Abstimmung Kunde
853-FRA2101-Werkstattprozesse;10-PM;03-Ergebnispräsentation
853-FRA2101-Werkstattprozesse;10-PM;10-Koordination
853-FRA2101-Werkstattprozesse;10-PM;
853-FRA2101-Werkstattprozesse;20-Konzeption;"01-Grundkonzept (Anforderungen; Prozessablauf)"
853-FRA2101-Werkstattprozesse;20-Konzeption;02-IT Konzept CS Integration SD/MM
853-FRA2101-Werkstattprozesse;20-Konzeption;
853-FRA2101-Werkstattprozesse;30-CS-Integration;10-Grundkonfiguration
853-FRA2101-Werkstattprozesse;30-CS-Integration;20-Schnittstellen-Implementierung
853-FRA2101-Werkstattprozesse;30-CS-Integration;
853-FRA2101-Werkstattprozesse;31247 Nacharbeiten BF-Aktivierung;01-Umsetzung
853-FRA2101-Werkstattprozesse;32383 Nacharbeiten BF-Aktivierung;01-Umsetzung
853-FRA2101-Werkstattprozesse;40-SD/MM Erweiterungen;10-Grundkonfiguration
853-FRA2101-Werkstattprozesse;40-SD/MM Erweiterungen;20-Schnittstellen-Implementierung
853-FRA2101-Werkstattprozesse;40-SD/MM Erweiterungen;
853-FRA2101-Werkstattprozesse;45-FI-Integration;01-Abstimmung/Konzeption
853-FRA2101-Werkstattprozesse;45-FI-Integration;02-Umsetzung
853-FRA2101-Werkstattprozesse;50-Logistikprozesse;10-Grundkonfiguration
853-FRA2101-Werkstattprozesse;50-Logistikprozesse;11-Erweiterung Packplatz
853-FRA2101-Werkstattprozesse;50-Logistikprozesse;12-Umbuchungs-App 1000/1009
853-FRA2101-Werkstattprozesse;50-Logistikprozesse;20-Schnittstellen-Implementierung
853-FRA2101-Werkstattprozesse;50-Logistikprozesse;
853-FRA2101-Werkstattprozesse;60-Entwicklertest;01-Team Besprechung
853-FRA2101-Werkstattprozesse;60-Entwicklertest;02-Abstimmung/Präsentation  FRA
853-FRA2101-Werkstattprozesse;60-Entwicklertest;10-Koordination
853-FRA2101-Werkstattprozesse;60-Entwicklertest;20-Auftragsbearbeitung Werkstattbüro
853-FRA2101-Werkstattprozesse;60-Entwicklertest;
853-FRA2101-Werkstattprozesse;70-FIOIR-UI;01-Koordination
853-FRA2101-Werkstattprozesse;70-FIOIR-UI;02-Abstimmung/Präsentation  FRA
853-FRA2101-Werkstattprozesse;70-FIOIR-UI;10-Erfassung Werkstattaufträge
853-FRA2101-Werkstattprozesse;70-FIOIR-UI;20-Auftragsbearbeitung Werkstattbüro
853-FRA2101-Werkstattprozesse;70-FIOIR-UI;30Erfassung Büchsenmachertätigkeiten
853-FRA2101-Werkstattprozesse;70-FIOIR-UI;40-Abrechnung der Werkstattaufträge
853-FRA2101-Werkstattprozesse;70-FIOIR-UI;50-Umlagerung Werkstatt/Logistik
853-FRA2101-Werkstattprozesse;70-FIOIR-UI;60-Anlage Servicemeldung
853-FRA2101-Werkstattprozesse;70-FIOIR-UI;70-Erfas. int. Servicemeldungen
853-FRA2101-Werkstattprozesse;70-FIOIR-UI;80-Kundenübergabe-App
853-FRA2101-Werkstattprozesse;70-FIOIR-UI;
853-FRA2101-Werkstattprozesse;80-TTE-Schnittstelle;01-Abstimmung
853-FRA2101-Werkstattprozesse;80-TTE-Schnittstelle;02-Integration
853-FRA2101-Werkstattprozesse;90-FB-Validierung;01-Testunterstützung
853-FRA2101-Werkstattprozesse;90-FB-Validierung;11-CutOver Vorbereitung
853-FRA2101-Werkstattprozesse;90-FB-Validierung;
853-FRA2101-Werkstattprozesse;99-IOT;
855-GEP-2021-01-DOEHLER;GEP-01-EWM-S4-Migration;Migrationl&Functional Improvements
855-GEP-2021-01-DOEHLER;GEP-01-EWM-S4-Migration;Technical Migration
857-CAS2106-HCOB-Fiori-S/4-Migration;"	04-In-Deckungnahme Schiffe & Immobilien";01-Team Besprechung
857-CAS2106-HCOB-Fiori-S/4-Migration;"	04-In-Deckungnahme Schiffe & Immobilien";
857-CAS2106-HCOB-Fiori-S/4-Migration;01- Complex Loans;
857-CAS2106-HCOB-Fiori-S/4-Migration;02-CO2-Abrechnung;
857-CAS2106-HCOB-Fiori-S/4-Migration;02-Vorbereitung ohne Lead;02-Ausarbeitung
857-CAS2106-HCOB-Fiori-S/4-Migration;02-Vorbereitung ohne Lead;
857-CAS2106-HCOB-Fiori-S/4-Migration;03-Business-Glossar;01-Team Besprechung
857-CAS2106-HCOB-Fiori-S/4-Migration;03-Business-Glossar;
857-CAS2106-HCOB-Fiori-S/4-Migration;04-For Bearance;
857-CAS2106-HCOB-Fiori-S/4-Migration;;
859-CAS2107-ISS (2021/0178);;
860-ALD2101-Betriebs-und-Projektunterstützung;;
862-MEN2101-FIORI;"03-	Fiori Workshop / Schulung";
862-MEN2101-FIORI;05-Fiori Develop;
862-MEN2101-FIORI;;
863-GLW2101-Analyseworkshop;01-Workshop-Vorbereitung;
863-GLW2101-Analyseworkshop;02-Worksshop;
863-GLW2101-Analyseworkshop;;
864-DMK2103-Beratung&Entwicklung;02-4200067321 EWM-Optimierung und Qualitätssicherung;
864-DMK2103-Beratung&Entwicklung;04-4501338011 EWM KVG Erfurt Implementierung;
864-DMK2103-Beratung&Entwicklung;05-4200069985 BeratungsDL für EWM-Training und Support;
864-DMK2103-Beratung&Entwicklung;07-4200072501 Projektsupport;
864-DMK2103-Beratung&Entwicklung;08-4200074880 EWM Ad-Hoc-Support-Service;
864-DMK2103-Beratung&Entwicklung;09-4200075495 EWM Ad-Hoc-Support-Service;
864-DMK2103-Beratung&Entwicklung;10-4200077581 Hypercare, allg. Unterstütz;
866-IOT2201-Interne-Aufschreibung;01-Bürotätigkeiten;01-Arbeitsplatzorganisation
866-IOT2201-Interne-Aufschreibung;01-Bürotätigkeiten;02-Internes/Administration
866-IOT2201-Interne-Aufschreibung;01-Bürotätigkeiten;03-Sonderaufgaben
866-IOT2201-Interne-Aufschreibung;01-Bürotätigkeiten;
866-IOT2201-Interne-Aufschreibung;02-Krankheit;
866-IOT2201-Interne-Aufschreibung;03-Urlaub;03-Backup
866-IOT2201-Interne-Aufschreibung;03-Urlaub;
866-IOT2201-Interne-Aufschreibung;04-KnowHow Transfer;01-Einarbeitung
866-IOT2201-Interne-Aufschreibung;04-KnowHow Transfer;02-Übergaben
866-IOT2201-Interne-Aufschreibung;04-KnowHow Transfer;03-Unterstützung
866-IOT2201-Interne-Aufschreibung;04-KnowHow Transfer;04-Workshop (Ausrichter)
866-IOT2201-Interne-Aufschreibung;04-KnowHow Transfer;05-Workshop (Teilnahme)
866-IOT2201-Interne-Aufschreibung;04-KnowHow Transfer;
866-IOT2201-Interne-Aufschreibung;05-Management;01-Fachberatung
866-IOT2201-Interne-Aufschreibung;05-Management;02-Projektleiter
866-IOT2201-Interne-Aufschreibung;05-Management;03-Koordination
866-IOT2201-Interne-Aufschreibung;05-Management;04-Bewerber
866-IOT2201-Interne-Aufschreibung;05-Management;
866-IOT2201-Interne-Aufschreibung;06-Sekretariat;01-Buchhaltung
866-IOT2201-Interne-Aufschreibung;06-Sekretariat;02-Personal
866-IOT2201-Interne-Aufschreibung;06-Sekretariat;03-IOT
866-IOT2201-Interne-Aufschreibung;06-Sekretariat;04-IAL
866-IOT2201-Interne-Aufschreibung;07-Assistenz;04-Organisation Verwaltung
866-IOT2201-Interne-Aufschreibung;08-MA Jourfixe;04-Veranstaltungen
866-IOT2201-Interne-Aufschreibung;08-MA Jourfixe;
866-IOT2201-Interne-Aufschreibung;09-Interne Aufschreibung;01-Team Besprechung
866-IOT2201-Interne-Aufschreibung;09-Interne Aufschreibung;02-Wochenplanung
866-IOT2201-Interne-Aufschreibung;09-Interne Aufschreibung;03-MA-Gespräch
866-IOT2201-Interne-Aufschreibung;09-Interne Aufschreibung;04-Veranstaltungen
866-IOT2201-Interne-Aufschreibung;09-Interne Aufschreibung;
866-IOT2201-Interne-Aufschreibung;10-Botengänge;
866-IOT2201-Interne-Aufschreibung;11-Fortbildung;01-Seminar (intern)
866-IOT2201-Interne-Aufschreibung;11-Fortbildung;02-Übungen
866-IOT2201-Interne-Aufschreibung;11-Fortbildung;03-Webinar
866-IOT2201-Interne-Aufschreibung;11-Fortbildung;04-Seminar (extern)
866-IOT2201-Interne-Aufschreibung;11-Fortbildung;06-DSAG Tagung
866-IOT2201-Interne-Aufschreibung;11-Fortbildung;07-UI5
866-IOT2201-Interne-Aufschreibung;11-Fortbildung;
866-IOT2201-Interne-Aufschreibung;12-ohne produktive Aufgaben;
866-IOT2201-Interne-Aufschreibung;;
867-MEN2101-IAL-MFS-Schulung;;
868-CAS2201-Beeline;Prototyp S4 Segmentierung 2021/0193;
868-CAS2201-Beeline;;
869-WSW2201-Fiori--/-S/4-Einführung-2022;01-Abstimmung & Administratives;
869-WSW2201-Fiori--/-S/4-Einführung-2022;02-2S/4 Sandboxkonfiguration;
869-WSW2201-Fiori--/-S/4-Einführung-2022;"03-	Einrichtung Berechtigungskonzept";
869-WSW2201-Fiori--/-S/4-Einführung-2022;04-Fachbereichsworkshops;
869-WSW2201-Fiori--/-S/4-Einführung-2022;"05-	Entwicklung PM-App inkl. Signaturkomponente";
869-WSW2201-Fiori--/-S/4-Einführung-2022;"06-	Entwicklerschulung";
869-WSW2201-Fiori--/-S/4-Einführung-2022;07-Anwenderschulung;
869-WSW2201-Fiori--/-S/4-Einführung-2022;;
870-BSS2201-Juwel;01-Workshop EBE22-00804;
870-BSS2201-Juwel;;
871-COV2201-Workshop-91619/0105/030;01-Workshop-Vorbereitung;
871-COV2201-Workshop-91619/0105/030;02-Worksshop;
871-COV2201-Workshop-91619/0105/030;03-Vorbereitung Begleitete Entwicklung;
871-COV2201-Workshop-91619/0105/030;04-Begleitete Enticklung;
871-COV2201-Workshop-91619/0105/030;;
872-FRA2201-SAP-CCO-Integration-FR;30944 Vorprojekt neue Kasse;01-Umsetzung
872-FRA2201-SAP-CCO-Integration-FR;31362 Pilotprojekt Kasse Frankreich;01-Umsetzung
872-FRA2201-SAP-CCO-Integration-FR;;
